{
    "criteria": {
      "requirement": {
        "trigger": "minecraft:player_hurt_entity",
        "conditions": {
          "player": [
            {
              "condition": "minecraft:entity_properties",
              "entity": "this",
              "predicate": {
                "type": "minecraft:player",
                "team": "hunter"
              }
            }
          ],
          "entity": [
            {
              "condition": "minecraft:entity_properties",
              "entity": "this",
              "predicate": {
                "type": "minecraft:interaction",
                "nbt": "{Tags:[altar]}"
              }
            }
          ]
        }
      }
    },
    "rewards": {
      "function": "hunter_core:if"
    }
  }
  