{
    "criteria": {
      "requirement": {
        "trigger": "minecraft:consume_item",
        "conditions": {
          "player": [
            {
              "condition": "minecraft:entity_properties",
              "entity": "this",
              "predicate": {}
            }
          ],
          "item": {
            "predicates": {
              "minecraft:custom_data": "item:1"
            }
          }
        }
      }
    },
    "rewards": {
      "function": "skill:if"
    }
  }
  